{"val_crps":15.40188980102539,"epoch":1,"best_mae_mean":18.020410537719727,"_runtime":276.838955893,"best_brier_zero_std":0,"best_crps_std":0,"_timestamp":1.7803914800936458e+09,"val_rmse":30.188711166381836,"best_rmse_std":0,"best_brier_zero_mean":0.2449081689119339,"val_brier_zero":0.2449081689119339,"train_loss":13.099106470743815,"best_mae_std":0,"best_rmse_mean":30.188711166381836,"val_mae":18.020410537719727,"_wandb":{"runtime":276},"best_crps_mean":15.40188980102539,"_step":18,"lr":0.0004}