{"epoch":1,"_wandb":{"runtime":273},"_timestamp":1.7803867645279417e+09,"best_rmse_mean":27.548126220703125,"train_loss":13.395229657491049,"lr":0.0004,"_runtime":273.032398044,"best_brier_zero_mean":0.250324547290802,"best_brier_zero_std":0,"best_crps_mean":15.677322387695312,"val_rmse":27.548126220703125,"best_mae_std":0,"best_mae_mean":17.446325302124023,"val_mae":17.446325302124023,"_step":18,"best_crps_std":0,"val_crps":15.677322387695312,"best_rmse_std":0,"val_brier_zero":0.250324547290802}