{"best_mae_std":0.0861335485331234,"best_rmse_std":0.2245069407309425,"val_crps":9.118196487426758,"val_brier_zero":0.17670726776123047,"best_brier_zero_std":0.010453007768813801,"best_rmse_mean":22.376157379150392,"best_mae_mean":11.568491554260254,"_runtime":68047.856744789,"_wandb":{"runtime":68047},"best_crps_std":0.20070076879590595,"val_rmse":22.138700485229492,"_step":900,"train_loss":2.6250723203023276,"val_mae":11.587141990661621,"best_crps_mean":9.261198997497559,"best_brier_zero_mean":0.17054480016231538,"epoch":99,"_timestamp":1.7804595375192695e+09,"lr":1e-06}